{
    "name": "Summer_V2",
    "version": "1.0.1",
    "description": "Summer_V2 compatible board",
    "compilerTool": "aily-builder",
    "core": "esp32:esp32",
    "type": "esp32:esp32:esp32",
    "compilerParam": "compile -v -b esp32:esp32:esp32",
    "uploadParam": "esptool --chip esp32 --port ${serial} --baud ${baud} --before default_reset --after hard_reset write_flash -z --flash_mode keep --flash_freq keep --flash_size keep 0x1000 ${bootloader} 0x8000 ${partitions} 0xe000 ${boot_app0} 0x10000 ${'*.bin'}",
    "analogPins": [
        ["36", "36"],
        ["39", "39"],
        ["32", "32"],
        ["33", "33"],
        ["34", "34"],
        ["35", "35"],
        ["4", "4"],
        ["0", "0"],
        ["2", "2"],
        ["15", "15"],
        ["13", "13"],
        ["12", "12"],
        ["14", "14"],
        ["27", "27"],
        ["25", "25"],
        ["26", "26"]
    ],
    "digitalPins": [
        ["0", "0"],
        ["1", "1"],
        ["2", "2"],
        ["3", "3"],
        ["4", "4"],
        ["5", "5"],
        ["12", "12"],
        ["13", "13"],
        ["14", "14"],
        ["15", "15"],
        ["16", "16"],
        ["17", "17"],
        ["18", "18"],
        ["19", "19"],
        ["21", "21"],
        ["22", "22"],
        ["23", "23"],
        ["25", "25"],
        ["26", "26"],
        ["27", "27"],
        ["32", "32"],
        ["33", "33"],
        ["34", "34"],
        ["35", "35"],
        ["36", "36"],
        ["39", "39"]
    ],
    "pwmPins": [
        ["0", "0"],
        ["2", "2"],
        ["4", "4"],
        ["5", "5"],
        ["12", "12"],
        ["13", "13"],
        ["14", "14"],
        ["15", "15"],
        ["16", "16"],
        ["17", "17"],
        ["18", "18"],
        ["19", "19"],
        ["21", "21"],
        ["22", "22"],
        ["23", "23"],
        ["25", "25"],
        ["26", "26"],
        ["27", "27"],
        ["32", "32"],
        ["33", "33"]
    ],
    "servoPins": [
        ["0", "0"],
        ["2", "2"],
        ["4", "4"],
        ["5", "5"],
        ["12", "12"],
        ["13", "13"],
        ["14", "14"],
        ["15", "15"],
        ["16", "16"],
        ["17", "17"],
        ["18", "18"],
        ["19", "19"],
        ["21", "21"],
        ["22", "22"],
        ["23", "23"],
        ["25", "25"],
        ["26", "26"],
        ["27", "27"],
        ["32", "32"],
        ["33", "33"]
    ],
    "serialPort": [
        [
            "Serial",
            "Serial"
        ]
    ],
    "serialSpeed": [
        [
            "1200",
            "1200"
        ],
        [
            "9600",
            "9600"
        ],
        [
            "14400",
            "14400"
        ],
        [
            "19200",
            "19200"
        ],
        [
            "38400",
            "38400"
        ],
        [
            "57600",
            "57600"
        ],
        [
            "115200",
            "115200"
        ]
    ],
    "spi": [
        [
            "SPI",
            "SPI"
        ]
    ],
    "spiPins": {
        "SPI": [
            [
                "MOSI",
                23
            ],
            [
                "MISO",
                19
            ],
            [
                "SCK",
                18
            ]
        ]
    },
    "spiClockDivide": [
        [
            "2 (8MHz)",
            "SPI_CLOCK_DIV2"
        ],
        [
            "4 (4MHz)",
            "SPI_CLOCK_DIV4"
        ],
        [
            "8 (2MHz)",
            "SPI_CLOCK_DIV8"
        ],
        [
            "16 (1MHz)",
            "SPI_CLOCK_DIV16"
        ],
        [
            "32 (500KHz)",
            "SPI_CLOCK_DIV32"
        ],
        [
            "64 (250KHz)",
            "SPI_CLOCK_DIV64"
        ],
        [
            "128 (125KHz)",
            "SPI_CLOCK_DIV128"
        ]
    ],
    "i2c": [
        [
            "I2C",
            "Wire"
        ]
    ],
    "i2cPins": {
        "Wire": [
            [
                "SDA",
                "21"
            ],
            [
                "SCL",
                "22"
            ]
        ]
    },
    "i2cSpeed": [
        [
            "100kHz",
            "100000L"
        ],
        [
            "400kHz",
            "400000L"
        ]
    ],
    "builtinLed": [
        [
            "BUILTIN_LED",
            "2"
        ]
    ],
    "interruptPins": [
        ["0", "0"],
        ["2", "2"],
        ["4", "4"],
        ["5", "5"],
        ["12", "12"],
        ["13", "13"],
        ["14", "14"],
        ["15", "15"],
        ["16", "16"],
        ["17", "17"],
        ["18", "18"],
        ["19", "19"],
        ["21", "21"],
        ["22", "22"],
        ["23", "23"],
        ["25", "25"],
        ["26", "26"],
        ["27", "27"],
        ["32", "32"],
        ["33", "33"]
    ],
    "interruptMode": [
        [
            "RISING",
            "RISING"
        ],
        [
            "FALLING",
            "FALLING"
        ],
        [
            "CHANGE",
            "CHANGE"
        ],
        [
            "ONLOW",
            "ONLOW"
        ],
        [
            "ONHIGH",
            "ONHIGH"
        ],
        [
            "ONLOW_WE",
            "ONLOW_WE"
        ],
        [
            "ONHIGH_WE",
            "ONHIGH_WE"
        ]
    ]
}